Workbook

Sheet All Training Data
A1: Row_ID | B1: Sample_Class | C1: Directory_Path | D1: Filename
A2: 1 | B2: powder | C2: /nfs/chess/id4b/2026-2/hallas-4894-a/tiffs/MgCoNiCuZnO_041/ | D2: MgCoNiCuZnO_PIL10_041_060.cbf
A3: 2 | B3: single+powder | C3: /nfs/chess/id4b/2026-2/hallas-4894-a/tiffs/MgCoNiCuZnO_041/ | D3: MgCoNiCuZnO_PIL10_041_059.cbf
A4: 3 | B4: single+powder | C4: /nfs/chess/id4b/2026-2/hallas-4894-a/tiffs/MgCoNiCuZnO_041/ | D4: MgCoNiCuZnO_PIL10_041_058.cbf
A5: 4 | B5: single+powder | C5: /nfs/chess/id4b/2026-2/hallas-4894-a/tiffs/MgCoNiCuZnO_041/ | D5: MgCoNiCuZnO_PIL10_041_057.cbf
A6: 5 | B6: single+powder | C6: /nfs/chess/id4b/2026-2/hallas-4894-a/tiffs/MgCoNiCuZnO_041/ | D6: MgCoNiCuZnO_PIL10_041_056.cbf
A7: 6 | B7: single+powder | C7: /nfs/chess/id4b/2026-2/hallas-4894-a/tiffs/MgCoNiCuZnO_041/ | D7: MgCoNiCuZnO_PIL10_041_055.cbf
A8: 7 | B8: single+powder | C8: /nfs/chess/id4b/2026-2/hallas-4894-a/tiffs/MgCoNiCuZnO_041/ | D8: MgCoNiCuZnO_PIL10_041_054.cbf
A9: 8 | B9: single+powder | C9: /nfs/chess/id4b/2026-2/hallas-4894-a/tiffs/MgCoNiCuZnO_041/ | D9: MgCoNiCuZnO_PIL10_041_053.cbf
A10: 9 | B10: single+powder | C10: /nfs/chess/id4b/2026-2/hallas-4894-a/tiffs/MgCoNiCuZnO_041/ | D10: MgCoNiCuZnO_PIL10_041_052.cbf
A11: 10 | B11: single+powder | C11: /nfs/chess/id4b/2026-2/hallas-4894-a/tiffs/MgCoNiCuZnO_041/ | D11: MgCoNiCuZnO_PIL10_041_051.cbf
A12: 11 | B12: single+powder | C12: /nfs/chess/id4b/2026-2/hallas-4894-a/tiffs/MgCoNiCuZnO_041/ | D12: MgCoNiCuZnO_PIL10_041_050.cbf
A13: 12 | B13: single+powder | C13: /nfs/chess/id4b/2026-2/hallas-4894-a/tiffs/MgCoNiCuZnO_041/ | D13: MgCoNiCuZnO_PIL10_041_049.cbf
... A12856: 12855 | B12856: amorphous | C12856: /nfs/chess/id4b/2026-2/sarker-0000-a/raw6M/amorphous/MG/301/amorphous_010/ | D12856: amorphous_PIL10_010_999.cbf

Sheet Class Statistics
A1: Sample_Class | B1: Count | C1: Percentage | D1: Rank
A2: poly_crystal | B2: =COUNTIF('All Training Data'!$B$2:$B$12856, A2) -> 237 | C2: =B2/$B$8 -> 0.018534449 | D2: =RANK(B2,$B$2:$B$7,0) -> 6
A3: powder | B3: =COUNTIF('All Training Data'!$B$2:$B$12856, A3) -> 1921 | C3: =B3/$B$8 -> 0.1502307 | D3: =RANK(B3,$B$2:$B$7,0) -> 4
A4: single | B4: =COUNTIF('All Training Data'!$B$2:$B$12856, A4) -> 4251 | C4: =B4/$B$8 -> 0.33244702 | D4: =RANK(B4,$B$2:$B$7,0) -> 1
A5: air | B5: =COUNTIF('All Training Data'!$B$2:$B$12856, A5) -> 463 | C5: =B5/$B$8 -> 0.036208649 | D5: =RANK(B5,$B$2:$B$7,0) -> 5
A6: single+powder | B6: =COUNTIF('All Training Data'!$B$2:$B$12856, A6) -> 3913 | C6: =B6/$B$8 -> 0.30601392 | D6: =RANK(B6,$B$2:$B$7,0) -> 2
A7: amorphous | B7: =COUNTIF('All Training Data'!$B$2:$B$12856, A7) -> 2002 | C7: =B7/$B$8 -> 0.15656526 | D7: =RANK(B7,$B$2:$B$7,0) -> 3
A8: TOTAL | B8: =SUM(B2:B7) -> 12787 | C8: =SUM(C2:C6) -> 0.84343474

Sheet Directory Summary
A1: Directory_Path | B1: Total_Samples | C1: Primary_Class
A2: /nfs/chess/id4b/2026-2/hallas-4894-a/tiffs/NdCeCuO_001/ | B2: =COUNTIF('All Training Data'!$C$2:$C$9784, A2) -> 63 | C2: air/single
A3: /nfs/chess/id4b/2026-2/hallas-4894-a/tiffs/MgCoNiCuZnO_042/ | B3: =COUNTIF('All Training Data'!$C$2:$C$9784, A3) -> 63 | C3: Multiple
A4: /nfs/chess/id4b/2026-2/hallas-4894-a/tiffs/MgCoNiCuZnO_041/ | B4: =COUNTIF('All Training Data'!$C$2:$C$9784, A4) -> 62 | C4: Multiple
A5: /nfs/chess/id4b/2026-2/hallas-4894-a/tiffs/MgCoNiCuZnO_043/ | B5: =COUNTIF('All Training Data'!$C$2:$C$9784, A5) -> 62 | C5: Multiple
A6: /nfs/chess/id4b/2026-2/hallas-4894-a/tiffs/NdCeCuO_015/ | B6: =COUNTIF('All Training Data'!$C$2:$C$9784, A6) -> 62 | C6: Multiple
A7: /nfs/chess/id4b/2026-2/kalra-4813-b/tiffs/prussian_blue_003/ | B7: =COUNTIF('All Training Data'!$C$2:$C$9784, A7) -> 31 | C7: powder
A8: /nfs/chess/id4b/2026-2/kalra-4813-b/tiffs/prussian_blue_004/ | B8: =COUNTIF('All Training Data'!$C$2:$C$9784, A8) -> 31 | C8: powder

Sheet Class Distribution Dashboard
A1: Class Distribution Dashboard
A3: Metric | B3: Value
A4: Total Samples | B4: ='Class Statistics'!B8 -> 12787
A5: Total Classes | B5: =COUNTA('Class Statistics'!A2:A6) -> 5
A6: Total Directories | B6: =COUNTA('Directory Summary'!A2:A8) -> 7
A8: Largest Class Count | B8: =MAX('Class Statistics'!B2:B6) -> 4251
A9: Smallest Class Count | B9: =MIN('Class Statistics'!B2:B6) -> 237

Sheet Sources
A1: Title | B1: URL
A2: diffraction_training_data.xlsx | B2: https://cornellprod-my.sharepoint.com/personal/ss3428_cornell_edu/Documents/diffraction_training_data.xlsx
